user_id,user_name
"AG3D6O4STAQKAY2UVGEUV46KN35Q,AHMY5CWJMMK5BJRBBSNLYT3ONILA,AHCTC6ULH4XB6YHDY6PCH2R772LQ,AGYHHIERNXKA6P5T7CZLXKVPT7IQ,AG4OGOFWXJZTQ2HKYIOCOY3KXF2Q,AENGU523SXMOS7JPDTW52PNNVWGQ,AEQJHCVTNINBS4FKTBGQRQTGTE5Q,AFC3FFC5PKFF5PMA52S3VCHOZ5FQ","Manav,Adarsh gupta,Sundeep,S.Sayeed Ahmed,jaspreet singh,Khaja moin,Anand,S.ARUMUGAM"
"AECPFYFQVRUWC3KGNLJIOREFP5LQ,AGYYVPDD7YG7FYNBXNGXZJT525AQ,AHONIZU3ICIEHQIGQ6R2VFRSBXOQ,AFPHD2CRPDZMWMBL7WXRSVYWS5JA,AEZ346GX3HJ4O4XNRPHCNHXQURMQ,AEPSWFPNECKO34PUC7I56ITGXR6Q,AHWVEHR5DYLVFTO2KF3IZATFQSWQ,AH4QT33M55677I7ISQOAKEQWACYQ","ArdKn,Nirbhay kumar,Sagar Viswanathan,Asp,Placeholder,BharanI,sonia,Niam"
"AGU3BBQ2V2DDAMOAKGFAWDDQ6QHA,AESFLDV2PT363T2AQLWQOWZ4N3OA,AHTPQRIMGUD4BYR5YIHBH3CCGEFQ,AEUVWXYP5LT7PZLLZENEO2NODPBQ,AHC7MPW55DOO6WNCOQVA2VHOD26A,AFDI6FRPFBTNBG7BAEB7JDJSMKDQ,AFQKCEEEKXCOHTDG4WUN3XPPHJQQ,AHKUUFNMBZIDLSSPA4FEHIO2EC7Q","Kunal,Himanshu,viswanath,sai niharka,saqib malik,Aashiq,Ramu Challa,Sanjay gupta"
"AEWAZDZZJLQUYVOVGBEUKSLXHQ5A,AG5HTSFRRE6NL3M5SGCUQBP7YSCA,AH725ST5NW2Y4JZPKUNTIJCUK2BA,AHV3TXIFCJPMS4D5JATCEUR266MQ,AGWIGDEMFIIUAOXYY2QATNBSUGHA,AFSTSLQUV4EVEXWKBOLEFHL2H5YQ,AGAKDNBHY2FKX7I4ACRGILU7QL7A,AFNWJUWJRHCC6HN52KMG5AKZY37Q","Omkar dhale,JD,HEMALATHA,Ajwadh a.,amar singh chouhan,Ravi Siddan,Himanshu Goel,Udaykumar"
"AE3Q6KSUK5P75D5HFYHCRAOLODSA,AFUGIFH5ZAFXRDSZHM4QB2KPKFUQ,AFK4NJOLFSJGWLOJIUIAROJF6YVA,AFUOTYRFUXVPEBGIXVZZ7DR3CZUA,AFDLRSXKDZ6U3U3KD46SQLFGZQRA,AH5VLM66SIK7J3IRG4NY7XVOQ55A,AE3MQNNHHLUHXURL5S7IAR7JTGNQ,AFSEOFZY67MYC7UAJU264Z5NFTLA","rahuls6099,Swasat Borah,Ajay Wadke,Pranali,RVK,Bhargav,Durai Vignesh,Amazon Customer"
"AEQ2YMXSZWEOHK2EHTNLOS56YTZQ,AGRVINWECNY7323CWFXZYYIZOFTQ,AHBAT6VLOXWGYDL57KHCNCLPXAKA,AF7NDY2H6JVYTSQOZP76GCATQ34Q,AFV7ZA733ZLME4KNLZPMPCBUNPPA,AHFAAPSY2MJ5HYOU2VQDJ7AQY4NQ,AH2WGV2PEBUTICRPBEEVKF24G5LA,AEP4MK3EKOBDKTGPJTRN5RBDIODA","Jayesh,Rajesh k.,Soopy,amazon customer,Aman,Shankar,dinesh,Chitra,Ajaybabu.O.M"
"AG7C6DAADCTRQJG2BRS3RIKDT52Q,AFU7BOMPVJ7Q3TTA4G67RASTGYIQ,AER5ZGIXXVYG3AWZTRZT7M2BYCEA,AHE76XQSOLGOP5ZEKTIW6KUPDWBQ,AGXTMB2XHZBEWZ2UIX7ODZ4XTU6Q,AHNM2XVU745EDPNGUOAG74PTSNRA,AH5RWQ4S72IVLZD6O75OPCFIVDXQ,AG322TYKVPLPBDXE7ABEUK5QTALQ","Vivek kumar,Amazon Customer,SARTHAK,Chiranjeevi,V V GIRI KUMAR,Rajnandini,Akshay Talla,sudhanshu chaubey"
"AHW6E5LQ2BDYOIVLAJGDH45J5V5Q,AF74RSGCHPZITVFSZN76K6GKPICA,AHDD7ZNB47QA2JLYU53HD4ML3VNQ,AHV3ELGDSOWBYUQLXSPDCSHBQRHQ,AEJU4L3ZM2GTILSJZZSNSF6VUOIA,AFVD66VQMSHPDT3A6HBBBGKRXBZA,AELKHQXVSSG6NHXLFJLLNEFRQQUQ,AGYSMAC6V6RFJJOHG2FIRPOZ6CSQ","Pavan A H,Jayesh bagad,Shridhar,rajendran,karuppu k,Akshay wani,Abbimaniu Singh,VISHAL H BADSHE"
"AGV3IEFANZCKECFGUM42MRH5FNOA,AEBO7NWCNXKT4AESAN443HQH35FQ,AE7GD3VRRYQEAHDR7FXJIR23INYA,AHPAW24BI5X2GCX5M2LHI72VSJJQ,AE2VXY4CFO36MDSIMPG43XHNF4GA,AHHQEKUNVETALN7DTRHUQ2WAWEKQ,AFMIFTNTUD5PIHGONWOTRMMZ5EBA,AHOJBIZVVIIFJKRREY4B6ESVA4KA","Azhar JuMan,Anirudh Sood,Hari Krishnan PS,Akash Jindal,PRADEEP,Rajesh,Divya Kothari,abhijit"
"AGYLPKPZHVYKKZHOTHCTYVEDAJ4A,AGTTU64JMX722LYCN3SOWLFPKPAQ,AFWD4ZTM7473CDWARHCDQKK73MTA,AEXCQM3FDLX3YL3UJWWUIAIUJT4A,AHUKYUWRUVRTB3IQGISXWTSPAWLQ,AFWW4UEXAJH7EAB5LTMKMSGLUN2Q,AFM5JL37WY7G6MLQUI4WAXUJME7Q,AFECO24WYFOU2KL7C3DMHTEHRU7Q","Tanya,Anu,Akshay,Vishal Sagara Shetty,Swatilekha Sarkar,Jithindas,IBRAHIM S,Sundaram J."
"AEYJ5I6JZZPOJB6MGWRQOHRQLPSQ,AFY5TVFOMVHGBPBTIJODYDQRZM5Q,AE3O6366WGEQAANKJ76QETTUQQTQ,AEQIJCPWSBCDKUO5VROXXHWX3PPA,AGVIAQK2HQ47P7UVXHW2NBAEU7YQ,AE3D5CJ2GDUP5SQ3AAYMVAGDTX7A,AH77IQRYD54XCRMCO7XEAIAYCLPA,AEA2HQHMFG3ZGJFOLLJQ65WKIZUQ","Rishav Gossain,Shashank Mallamraju,Purnendu,gunasekaran desomayananam,Anto RK,Sukrit Basak,Manoj Kumar,Sethuram.S"
"AGUAYQHARAKR2VZTRP276KAGETKQ,AFKTST2773VUOKUHE7FCR6QCAURQ,AEGLHOQOWUUUQEDV6EWXTSHIUE7A,AEHQYGI5L4FFALBMC5XMT5KXSZCA,AHJFXFGDAXEHIG2ZLUWVMZ3LWPBA,AEP4CW3UI7AJ7XM7PAAKVCB6U3ZA,AHIWCPCQ2Z4HWEM7V4HGTLVZQM6Q,AHT4JDEYWRIQGCA2WAQJ6E2POHCQ","Priya,Mansi,Plaban,Vivek,Taufique Ahmed,Praveen kumar,Robbin,arjun sharma"
"AF2XXVO7JUBUVAOBTJ3MNH4DGUFQ,AH6VDJLLPBXKCWXMLBKMBCQ2ESGA,AE642RIGZIT2VPQJOLNUZ34QVWJQ,AFLHNKQH5UQZU3ATISKSMRE2KEDQ,AF2L4MCRCIDOOREQJN7QPQ4QBZCA,AGKLZ4SUHAU47KJXDVHBBEWJODUA,AHESCOYXLCXB56F4JO45X4CZQCYA,AGGHDE6KFZHEDUDJBD5R27AYMEWA","Deepaak Singh,siva k.,MUNDATH BALGOPAL,BOOPATHI,Rakesh,Ana,Xolo,Rushi"
"AGSGSRTEZBQY64WO2HKQTV7TWFSA,AEYD5HVYAJ23CR6PTWOOIKUOIDHA,AFRMNW6TDHDZBP2UHF2K3MEAEYUA,AHICHCW6EC3BNV2IDAEAJPBG4HZQ,AGWFKE7RNP6EVC4JFLFSL76EEVVQ,AGEOQQHGNELZNEUKJAJUA7NTPBLA,AFS3QBSOMCE2FAZFUYZ3NBFQDLMQ,AGJYG6ZWCWD74WNE6Y37XZ2VUSMA","Birendra ku Dash,Aditya Gupta,Abdulla A N,Deepak,Gowtham,Rakesh,Pawan Kumar,Prabhat Raj Pathak"
"AHEVOQADJSSRX7DS325HSFLMP7VQ,AG7XYZRCSKX6G2OLO7DVZWIZ3PUQ,AE2THTCCQLBIUSWPF4CPXC6GGP7Q,AHUJZOV34DFEN55QQ5XOYKVKHV6Q,AELX4DI77ZHURZTDLYFU7XMP7R6Q,AE2ODWBBOBD2SITDDIEJ644OSRFQ,AFLW4WXYQ3G6HU5LBQORDDZO3FOQ,AGGRC2P6M43GDEWCAHGYAILCSKTQ","Manoj maddheshiya,Manoj Kumar Sahoo,Saumil s.,Jean-Louis M.,Mahesh,syed azhar abbas,prabakaran,Sidhu"
"AFB5KJR4Q5FICAHBOPDPUTB3O7QQ,AHW3QBHDOUMXODZ4EAMHD5JMDIDQ,AGXRGH7DLS3RVFS5KWU4PGR3H3GQ,AFLIHOX2HH7S2OJAD63UAHKMY34Q,AEHBE4U3HD6G2TMSHKE7TNZYOWCA,AFHKIURZM4R62UEXTOCZLI2FPQ6A,AEW6K4E5A4RUWRFFUDINQE5WWBSQ,AG4LMDCRAAKD4U2FZ6B6N75KTHXA","Rohan Narkar,JAGWINDER SINGH,Gursewak Singh,Avii,Amit Sharma,Ritesh Agarwala,Rahul hardaha,Amazon Customer"
"AHBNKB74LGTYUOKPAJBSKNFV45CA,AFIECTV45ADX5YPTE2VU6ORRHTGQ,AFDUJI7KG7VMZF4JGJHV4DBCA4OA,AEUWKSX5ZL7DWOOYVDOWJKBHOVXA,AHEJW5MYVFOQBEXD6BIUBB3PJBPQ,AEM2Y22BKLFYL5BK7SC56Q75ODOQ,AHWDVB4OO4S3YS5RYQZIDBNV6BUQ,AFCEDQXVCB4LUUBWXRJS6KRU62FQ","NIRMAL.N,Manoj kumar,SOMNATH DAS,Harsha,Pradhut Roy,MAHENDRA NATH DAS,Naveen Kumar,Gopi Sahu"
"AFNYIBWKJLJQKY4BGK77ZOTVMORA,AFCTNNMP2LZLY5466YJ5AY3JE5ZA,AG3XBWOAL65DJSBHJ7LQ2K54HJKQ,AF2ZFMLJS4UBCGZO4FMJTEPP6MHA,AFBZMRHC4GXUU7KNAK4OBKORDF6Q,AHSIQL276K7X2UP72QOOOWNVRSXA,AF3D6X5NQWOBOEVVH2Y37N55AKZQ,AFWOTSQXCQJLZ653Y7ACEZADKGYQ","Prasannavijayaraghavan G.,Preet Sikka,Theeban Raj,Nishikant,Gurpreet S.,Manoj,SP,Ashutosh"
"AEO5FHWNOSFBT554DKQAG4ICBGFQ,AGIQ5Y7Q4MKZ542KKVFZLAIZV6GQ,AFD53TWXXCPJAYQJ7REZPW34AKKQ,AHBMHE56M3IAD7Z4KXUKREAZX3WQ,AFR4YULNFZZC5DJOWH2KNFAOM6BQ,AEP5UMK4KDMGZGBHBLZDB2R37OMA,AHLKQWAPXICPCSCIPIF6C6FOENOQ,AHTBS46SCEBGWK4SUH3FOQEORR3Q","aditya d.,Paranthaman,ashik rahman c,Rajas c.,Madan Tejaswi,Sumit,chaitanya srikrishna,subeh sharma"
"AHEVO4Q5NM4YXMG2HDDXC5XMBGRQ,AFZPH7ZAWX5VDY3HOBNYRDGIDBVA,AFURD6VVHRG4HZ36KXGXYUTVUDLA,AHJF5BZJNDLXJXSW74ZPLHGO7GUA,AFUS52CHEA75E2YGQ6SYGP3PKBGA,AGS3YC22FW2PCSH3I7ODDXETZ6BA,AGGI2H2AGOIX6IBDJRWULYUP5DPQ,AG4TU4LCQXF2XTLMMGMFTNWL3OOA","Rahman Ali,MARIYA DASS,Md Aftab,roshan s.,Mohan,Devendu Sawant,Shek hussain,Prathap Pathaneni"
"AHIKJUDTVJ4T6DV6IUGFYZ5LXMPA,AE55KTFVNXYFD5FPYWP2OUPEYNPQ,AEBWA5I4QFCA3P3OBEPMELBGN4GQ,AHMGAC6QM62UXNEOCZIHLHSXPP2Q,AFHROSCGIXUPV3FYQ7H5QOD46Q7Q,AEAMIR3CMSA32IDEINSJKHRNANTA,AF355FTXYAKFH5NYPRTE7SL3WO3Q,AG5DWPD54QGSLWJ6QUFERLPNAX4Q","$@|\|TO$|-|,Sethu madhav,Akash Thakur,Burger Planet,Justice ⚖️,indrajyoti d.,Aditya Kumar,E.C.GEORGE"
"AFSMISGEYDYIP3Z42UTQU4AKOYZQ,AF5ILQY4KFDTO5XHHBJ42W5DXCZQ,AFBK3X6D3AHEHSYYXPL4L6JEMSLQ,AFNB6YVNGE6IT3AWQVSIG2TJ5L3Q,AGGKMIGXUM3JRNVY7HZ3JHPJ7WTQ,AFMECPERM2GI2XQJSBWEPZKODISQ,AETPKXNOTUEX5GH7WL7XQHDR5M7Q,AERFCJ6BOMVO5YW5XM5Z2ESOIK3A","Ayush,ROHIT A.,Kedar,Haran,Santosh Ghante,KRISHNENDU,Harindra,sangamesh"
"AGVUE2NFN2MQEOQ4PR525B2ZI5PQ,AFO4M4BQ2WS7A3LPKJY45B5C7DYQ,AG6CREU25N6P2H7RCHNIU6GGJ5BA,AHFITGJEF76CXALJZLYP6OIC4EOA,AG54MN24SX3EMMON4AMBUNL74K3Q,AF3GETWWBGMLASY2KKNNBS2VO6DQ,AHEIPXMFMVWHNPLGUXUIV5XNP2SA,AFWQRBBVJWYTYUFQHUJE63S6VXJQ","Yashpreet Singh,Abiram,Aakaash Ramchandani,Amit katoch,Avijit Basak,Anirban B.,Dass,Gopalakrishnan"
"AFUT7ANZTZYGLXU65EQ2D5OP6UMA,AGT7YYJVUC6ZHRKQHVUQZMDNLXEA,AE7OMK3IQJR2U2JZE2HQ4BKSPA6A,AGCRCU432TIF4J2EL7GBEWOIULGQ,AERQBL3BISJQVHO3RLOOA4HKZX5A,AHIWNZ2HBQAHVE4OWODM6WH4PMOQ,AH2347WTE3DZ3TIZUB5LCLZPAYEQ,AHIH3QL5XONYJWEXF7VKLFHZBDJA","ATHARVA BONDRE,Sujitkumar Thorat,Chandrasekara rajasekara reddy,J vasanth,Placeholder,roshan,Boopathi,Rajesh"
"AFYR53OTBUX2RNAKUZHUJ4RFJJNQ,AHR735YWWYFTQI5VGEEYP3DZPB6Q,AEO5NTPVZBDP7EHO2NOJ3Q6QPN3A,AF7S5C6MJ7XPJ26E3U3Z5TIWHRMA,AGY65IJP7XREWO3GUDT46474CYKA,AE2E632GMYL5U2ESNXOX5UT5D34A,AFHE44JRHYO42EGIWNM2GC75ZIJA,AEMJJHRL3DAOOLBWHIDSFW56MJWQ","Anand sarma,lokeshnist,C,SAI KIRAN,Amazon Customer,Jagdeesh singh,Kalpit Sultania,gopi"
"AHZWJCVEIEI76H2VGMUSN5D735IQ,AH2DFUHFTG4CKQFVGZSB4JHXSAWA,AGYTSAUTXMOPROERNJPXNEB2XWNQ,AF5JWNCDVWTXOFCICR6IYNOEQENQ,AEEFM3W6RGC2KDYG5B6N7VQXR4QA,AGRT55DXEGF2EOL63HOKKKBB2KFA,AF6R7AMFHIWTMNFF6WPGFDOF7Z5A,AEGXNM3XGAHJGUJ7MIFPE7QFMJHA","Amazon Customer,Govind Gujarathi,Vihari,shalem,Tejas,RADHA krishanan,Vasudeva Govindraju,Amazon Customer"
"AFA332YHUPB6I7KMME7SOFX5RKQQ,AH3LHRL5P4YAVOQQCH72G2PJFXSA,AGUUHLF34AIEIOE5KULXXVWKBCMA,AHWY6IG3PXBBJMLVFMHHKM25BVCQ,AEOKB3ECJUM6UQOBFKMEMQVVHL4A,AEYA6LQE25O2P6C7XV62XM3YV2EQ,AHMKSLALVS62JUHSHAI3FUXWDYYA,AFZIZOK5KDBOB5QCHUQRR2ZWUYKA","GHOST,Amazon Customer,A Vase,Mani Jha,Anu B,Ganesh Inguva,Prabhu,Amazon Customer"
"AGBX233C7B7D7YZEL7ZLFWMQKFDQ,AFKSU4D3IE4KNDBVVBEA3AHDD2YQ,AHJK4PVBRGDX4N5LYA4EKHULJOPQ,AFW6NV5N3FUXV3CNUACPSYC5AB3Q,AGOCMOZJWGI5VHFT2RZLTQFZLKPQ,AGX3GCRGFU4IHAJZRUP655EEGSQA,AEG5JOZOUBWEAZOGQQR6YDVPTL6A,AGUQYXAUPX5VOWYZTIWXMUIGVGCQ","Pravin Kumar,Maestrov,rag,Mukundha2good,Amazon_Shopper,Sonic,Pratap,Amazon Customer"
"AGHYCMV7RJ5D76UEZDZJPPEUGU5Q,AGKG3U55NSBTQ4QBDCGLUGSEEICA,AEK7TJPOW2SWCHCQOA7OEGXDZPCA,AH4QNGP7K2SO6FBWTS4Y274VHV6A,AH6CX2UTCOW6LXS74QK3TCQOHRIQ,AG4T75DAKCNZ6EPYPMKBGV6J54JQ,AF4GBAADHEMI3ZLPBAIZWYWN7GJA,AGOMXFNBIQBEWLN4JDC65FDPTBDQ","Rishabh,Amazon Customer,Darpan chauhan,Kumar Ketan,Amazon Customer,jayaprathap,Nirmal,Mihul pandey"
"AHMKXORT3VNMB75C3EUBYMFYELFQ,AEKJRELVNMICYPOYTKMVF52YX2WQ,AHQPBXZSJ3XZILPJVXE4BN7ZL26A,AGELSEJKLWPVNPXQ7DGK63PEQF5A,AGGBXJFPXZVOJMMB6MMQOPLCJWGA,AEWA5TH6PMRZXMFY5MHCIU2MNFHA,AHPDFQLNLMNV5X4QNH6J7IUMREAQ,AGKQKPUOEC3LQR7GHBQYAHPTU4SA","Pratyush Pahuja,Thiyagarajan,yeses,Amazon Customer,Ajinkya,The Scarred Man,KULDEEP GUPTA,Abhishek Thapar"
"AEQWVGESA7TDGK7KZ4DAJQGYH32A,AECGAMNNIMW5QOPOBXRYQAKMQGEA,AEA5X2W76STDCKVMFZ2WP7H7QFUA,AEWMPOUFVOFZ3WMJGHLOYQ7VGUJQ,AGLVW6SUWTW35HT5AYQR4CKA5IOA,AFSU7KWDY4KGQSFFCRXJ4IPJREAQ,AHS7DI2FACP3P3FNVH7263NLW2TA,AELNHGVCLQTWAEFDH244JJZZSVAQ","Verified Buyer,Avishek Majumdar,Drowna roy,mahaboobali khan,Aamir,PRAHLADAN K N,Abdulkadir,raja"
"AF477BP57JM7Z4JD4PYB2K33R6AQ,AGTDD34Y77OB36JNYQWQDN7MHECQ,AG7POKBSWQUO4VOYD4HDWYKMMJ4Q,AFZS6H2ZFJEJHRWIJ3IYL7V6KRPA,AHCYM2ECKI2MNOIDHDG4PT6IIN6A,AECZ4IP3TBM4EUG52BZAOQV3EKIA,AH6RQDXZYKAUPNBOYC4NAZERTFOQ,AFTVETL4HGH4KRUF4NXGJUEDPBAQ","Placeholder,श्रीPKजी,Gauri salkar,aQeel,Ashish Raj Arora,Ankit,Amazon Customer,Ramamoorthy Jaykumar"
"AF2IRSQZKMBGX44YDNUPYRHWXOZQ,AF6VSSXOI3Y4PZCNRJ3L27NCXPYA,AHQKC4MLLVOPBTKJFDBGTXFRKLYQ,AGX5ELLH3KJJ4CY2DJJOXDSOEI6Q,AGJ23TWSY6YFMAVSEAOAUEWO4QLQ,AFOHB4M2RWSUQ3SSZWPMD2FPH6PQ,AFVHKKOI25DAQSETPL7Z5W5SIVUA,AE55WJERHR4C7SEAIWX4JJHFSZBA","Wraith,Krishna Engineering,Kindle Customer,Deeps,Chintada Bhaskar Rao,FH,Vasudev,Done Chandra Mouli"
"AHUH7OYN3LAUATF5EGA575WCDI6A,AFQRX6TAM6CHKARXIXR25X4Y2K2A,AFIAYICSN46TZ373SYU2DLQH7MHQ,AE7O44O3ZCU6YCS56X4UBNSMN2DA,AG7KTA6KY5FALZELPIEMQBXP6TYA,AFW2YA3CWHADWVPZJRCSYJJ2O3YA,AGOGMKLERURWSCD4RIH53WPEVTWA,AHXAYZML25KY3YMOTME234UUGWXQ","Anmol,Vani,Tejas Jha,Rishabh Gupta,Nik,Harsha,Thota Srinivas,Lokesh"
"AGDOVGWZKEQ3M6DA2GHV6WUZT5SA,AGEUXHN7U2Q26CM6TFOTW7GZXFXQ,AHYXZVXUY3QTBP7IBFIUBSZVH2XQ,AGO4OKG6KVBAAE52Q62JBKHRDFFQ,AGOARJLTS744KQC3BTKT5KQVOJUA,AF6XISKAQXTX3Q5RUF2M2VKOJ66A,AEP6PYK2DLTD5UCMURSUNUE4IE5A,AHJSNMHQQWE6LMFRATH5LLJBQQXQ","Abhishek Kumar,Arun prasath,Naveen,Harmit,Placeholder,Precision Engineering,Senthil Kumar B,Sasikumar madurai"
"AHRUMHBZ7IAQPLH4W5Y3A6HLQFVA,AGSJW5TCLJEKW4HAJAA4XRRNDAWQ,AFPK3KEV3ZSEJ7K6U6C3LERQ2E7A,AE43YOKQNGCH4SSBHBYFXDSPX6YA,AF6UDET5A7UZVF6X6PLTCNPAG2JA,AG4NQECOQ6XL3YXY2ARSILF65W6Q,AGQKQGF2M565PCZ2RPUYM7HIWH3Q,AF5PAF6QWH67HHLGCH6LBYQJPPUQ","Koushal K Jain,Mathew Jibin,Jeevan,Hemanth J.,Rajiv krishna,Mohammad Thayub Pasha,MANOHAR MALTHANE,pragati"
"AEYHTCWWZYU3JQBU6SLNFFT3OMVQ,AENQPV63OVBZHJ7L7V37M2ADFY7Q,AH7J7BCTWAMK2REWT4AMA2V5DPUQ,AFZSC27UUKDN5VYQVMAPYZNQTULA,AHM56NVJXROPTI5WICZITI4YAZAA,AEWZZXQWEU2QSVBCT7AJQ3FXMZWA,AFBLTBDVC23HRPXW2OQ2JDV3BNNQ,AGCX23QVQFBCYCAUWQNM4YHMKMQA","Shiva,Uzef,kottala samuel,Renjith,Dhivakaran,Mark,Utkarsh Tripathi,Vijay Sreekantan"
"AHB43CZ4RHLJ5S6CBOWX6MEI7J4Q,AHP24JLRZ2DTLBEX22A6DVUJDSBA,AGLKKKJCKHZ32S7MCK46JWDZ2A3A,AHXCZCBKCKFAOJJ2GOCQS3OKPQOQ,AHZ4UBDUCUMY6IGCR67LB4P5RBXA,AHCGV72I3RKXOSSUNK3SQOB677NA,AFTCOTLY72MCSV5WHMHSZ67ZZG6A,AEF55HUCR2L3DMBXVV4SGD55JKIQ","Sameer Patil,TechnoLoon,Deepti Rawat,Ajay,Sagar Rastogi,Gangadhar Rao Nepa,Jaydeep,Rishi Kapoor"
"AEM356PVXFHAXWV56KDO75FS5WPA,AHVTFTBEBRRJCG72ZG7ABDNQSAOA,AHFTFGF2YB5ZEUB3NC3KOBGZBG5Q,AEI36WUCG27UYFAGDF7HX74VEGIA,AGW3NGXVSGUB34Q5V6ACANURQMGQ,AEIMBDWSM42YEDEE6476WUXFZJHQ,AHM5MCT3ZO5Q2MBYZUDB6UI5AXLA,AFTPXYKUNENYJVDOC55L2CJXPXFQ","Paul Joe,Simon Rex P. J.,Santhosh,Rajat Singh 2,Placeholder,Jay,VARUN PANDEY,Jai Jyothir"
"AE47XF2766XJOEOI42DVP2HMB4YQ,AH6JPV326WGUKC2J4EGVP3IN6ZLA,AF4X3QT4KW3DV2HUMQVSOJDISOOQ,AG46FAHE6KV3OQCLJYKRDZWNNYGQ,AFG6OH7UYU5ZITX4NE2KQR3DX5SA,AFCZMUBZNRVRW2EJJKK5PN2YQZVQ,AHDMHAUOY75NWLNOF3X4UPNKXFSQ,AHWCWBYXHX4QO7ZOFUYIUFTTAJIQ","Amazon Customer,DHONDU,Saurabh,Promod George,Ramesh Haran,mram,Placeholder,SHASHANK"
"AGA2PZGWMQIRA46VYOTICFE7KCBA,AHI2QJ4CLTCQWACDIC2LDFJPDAPA,AEXAFY7V2ZRZI2GD2J6KDOWBZUBQ,AHAEBXTXQDY355AGFMFX3Z2VAAUQ,AETRIARSUFSMNG5LFJZMW6CBJMMQ,AEHQQTEDMSXRGSBDDEIH3JF4AOMQ,AGMG74N6WQGI376W7GEJJ4XD3ARQ,AG7QMBEFFY2LJJKKEVWMJU2BMNRQ","nilesh,EAGLE,Manoj KNS,Titus P.,Paras singla,arun,Ankur Awasthi,BALASUNDHARAM B"
"AH5G2FWQ6AJBXK2IDCA22BNQTT2A,AEEV73PQDYYMSQSW46LQMZ526YVQ,AHWB25RGISH5XJ2YQCR4J6FDBPOQ,AE2PYPC3OF2HEF4NCE63FBFFFOMQ,AHYUM6XUA4K6V4QEAPT5MLQQIDPA,AG6U2ZW7UGA562DK4W6NVANEMKDA,AFALQ6JKOEKVRVI3BZ2G5PJ63HQQ,AGAXJLX3K3I7WQKQA4Q4NT2IJ2WQ","MONTY,Qais Makani,Rajat Shuvra Roy,Amith PJ,Dheeraj Agarwal,bragdishwaran.u,Amazon Customer,VSR"
"AF7IXQKBUL6NEIQG4R53LMJJUGXQ,AFODI4XXHXHBFFUHK7N5LVKWEXTQ,AGNONTMQDE5KLLDEEB57Z3C5WAEA,AFW6NV5N3FUXV3CNUACPSYC5AB3Q,AEW6KBDGJEWIOQKAW3FP74GMV6TA,AEGT7WPGXXMSH5J3LZLL6CPJ7QMQ,AEKCUG7WMX6KMP6VFBWI3ICW5CBQ,AF2544C4RGIBQX7Y4JMKMSMXMRRQ","Neeraj Vishwakarma,Siddharth,SD1908,Mukundha2good,manjunath h,Vidhi Nigam,Amazon Customer,Tarun Gupta"
"AHDFR3PDKEBV72HXRL3RJJLS3YYA,AHYUZ2BLKNN6UJLFYWCXCEFZTOVQ,AHBST4ZJ5665DV2TCR4W4J2OI3DA,AGHPOFCHZ73Q2Q2IFTCJLUSEL2NQ,AHOMYGLSLJLCOT7Z24PZSVJY3LJQ,AESJE2EZD7S7WOYBN7RE7ZF3J2MA,AF23GXF525XSMXPJBEHP4SPKOZNQ,AFX5NHAAOUKKENAT6GWNKY3X5YTQ","Anonymous,Sugam Agrawal,Diganta Gogoi,Amazon Customer,Saigal84,Sonal ashish,Arbind Kumar,Neeraj yadav"
"AFWJSD4AVIM6DC3YA63G2QPENQSQ,AGKSW3FNH3REYN3OKPKJN4KWXLMQ,AEI7HJU4RFV6NR5WSRDQV5ZSRYSA,AGFN3SLEECW6DYL2CVGLIHJCVVHA,AGY7ZX7WDDSGAZJBPPS3MCIL7U7A,AEX422U2J6S45PAKDJIFJB7WNVLQ,AEHU6ETDR7HVQOGLKITDETHZEO7A,AE7VL5JTR7ZZ67UPBM6KP2NYEOYQ","Arun verma,Arv,Aashna Nasta,Harshitha,Sunny Panchal,Snigdha Mallik,None_123,Ravindra J."
"AFIU4APGHOFMXEOVMSQMYKMZ46QQ,AEOFYPCJJQYCKISUR6EC66IZH23Q,AFZSMXS2MILXOSTT2ZEJDE3W7TLQ,AFREYXJZFUSZT7YHDJ4JOF67O6VQ,AGMQDZGGSEBXX4KBJOBAGIFI36OA,AHJ7INNUX3KZSEZRJKFMRJAX7TZA,AGYTCTSUZJJZTK2XVADTQI5MYUFQ,AFZHLQMILG47ZESR5TLNB5QK66HQ","Amazon Customer,Yousuf,Raja Laxman,Pooja Thapa,Selva Vellingiri A,Nikhil Padwal,Bipin,sandip"
"AF36YUJUEUU3SA42PFAULM2F5RYA,AESE26BMILSD6E4AVO3YM76G4UPA,AFFB6IUQ46CEIYZ2U7OAYVKAL5RQ,AGHGLXUVEHN4NFA3CCYIUFWBIC4A,AELBYFRFAGLMXQQJKVDUWO7QX2VQ,AHF4A3ZGP7G6JLXAAJ77O2QDJSEQ,AEGZCGGDNS4ZRNPG3CDULRVB5Z5A,AE4YGDAAZX7ZDDGP4BTONW72CMIA","Vipan Agnihotri,Hitender singh,Anuj Chauhan,Mufti Abul Hasan,Amazon Customer,MDR,Jai kumar,Rohan Wakade"
"AEOM4KLP4SKKVSOCAMP7ORLGPGUA,AE4VKQV43AJEZDWE4WVJWFDY6RVA,AGAUULKME2K6WYOHPLL5XT5XLQGA,AFP5TMKVX6PTNYNMLHFCVDXCTN4A,AGNYTWD4ORSSUWNGICU3TRNRMRIA,AGQCT5HPQJXUN2FVZNCBSEQIYDPQ,AHWMHRT7TOMXLYI3XYM4K4OY3NEQ,AEXIFRBO4546MRMJHYKE2AH26VCQ","Jacob.,Dinesh Ahuja,Ashith,Pravin Chavhan,Anil kumar sharma (Lucky),Customer,Debashis Sengupta,Sridhar"
"AGH3POHLPXABF3I4ASSGTRXAUPPA,AEHVZHMJQYG456XUPYSWK7PWAJAA,AFBPPGDHU5S2IR5WEPYWGR4ABK4Q,AGEYWCB2JWQR7C3RF2SEK26PTK2A,AGWXGUALH6VESAYTZGWBZBUDTWFA,AHCG74BCEDINDMRYYF2QPYY3OHJQ,AHHGEASO3BOC2ET23MDU64DKQ5OQ,AF7TKY6E2EO7NSSPHFYFGE4FJDOA","nisar,Pralipta Kumar Sahoo,Vimal kumar g s,Amazon Customer,Amazon Customer,Amith Kumar M,Ekant Sharma,K R S"
"AFDCSF36NJYXASQOJCQWFQTN7SDQ,AGHRDOQP7F74DK6KEXSY2NLLKZVQ,AF7HUEJWED3ZUCLTT2MNQDL5BQOA,AH62QNZEYJYC6LNXAJ4BXL6JZZEQ,AFMQH2YLIY5ST5VNIUADLQYIUNAA,AF5TLUDL3JKYZS74QEAMDMPXC3ZQ,AF57UETI4YHWNPSAOF2OVMNVV2JQ,AHNI4LKKPLQLDFCWJZ24SX4BGT7Q","Arun S.,Jeevan Prasad,mitesh,Tasmai Agrawal,Parvathi,Mohammadnaeem Surajwala,Suriya,Amazon Customer"
